,City,latitude,Longitude,Max Temp,Humidity,Clouds,Wind Speed,Country,Date
0,anadyr,64.75,177.4833,57.7,62,0,8.95,RU,1659307151
1,hermanus,-34.4187,19.2345,48.78,72,2,6.64,ZA,1659307131
2,atar,20.5169,-13.0499,92.21,41,2,12.03,MR,1659307157
3,bekwai,6.4534,-1.5774,69.4,95,100,4.88,GH,1659307160
4,hilo,19.7297,-155.09,85.28,61,20,12.66,US,1659307063
5,tautira,-17.7333,-149.15,76.86,70,62,23.49,PF,1659307158
6,jiuquan,39.7432,98.5174,71.28,38,52,4.56,CN,1659307166
7,faanui,-16.4833,-151.75,78.82,71,12,25.88,PF,1659307169
8,aykhal,66.0,111.5,54.7,94,100,13.98,RU,1659307171
9,narsaq,60.9167,-46.05,57.42,80,84,4.09,GL,1659307170
10,compiegne,49.4179,2.8261,70.56,92,10,3.15,FR,1659307175
11,bam,29.106,58.357,89.8,34,86,7.56,IR,1659307178
12,ribeira grande,38.5167,-28.7,74.12,73,16,2.91,PT,1659307180
13,lebu,-37.6167,-73.65,47.01,83,95,5.3,CL,1659307110
14,sao joao da barra,-21.6403,-41.0511,67.42,71,2,6.87,BR,1659307185
15,saskylakh,71.9167,114.0833,44.62,82,99,11.3,RU,1659307187
16,kodiak,57.79,-152.4072,60.31,77,100,0.0,US,1659307129
17,victoria,22.2855,114.1577,84.38,82,7,1.99,HK,1659306988
18,tuatapere,-46.1333,167.6833,44.17,85,84,8.12,NZ,1659307194
19,banjar,-8.19,114.9675,73.33,78,65,3.4,ID,1659307196
20,mar del plata,-38.0023,-57.5575,54.95,85,0,10.0,AR,1659306903
21,kahului,20.8947,-156.47,87.82,40,20,19.57,US,1659307200
22,longyearbyen,78.2186,15.6401,49.84,76,0,11.5,SJ,1659307203
23,bluff,-46.6,168.3333,45.81,76,51,15.17,NZ,1659307205
24,vaini,-21.2,-175.2,78.96,94,40,6.91,TO,1659307094
25,dakoro,14.5106,6.765,77.41,65,63,5.86,NE,1659307210
26,baghdad,33.3406,44.4009,85.91,26,0,2.3,IQ,1659307183
27,punta arenas,-53.15,-70.9167,42.91,75,75,13.8,CL,1659307214
28,lakes entrance,-37.8811,147.981,51.17,64,72,11.41,AU,1659307050
29,vammala,61.3333,22.9,61.5,81,46,4.99,FI,1659307219
30,comodoro rivadavia,-45.8667,-67.5,42.66,45,0,3.44,AR,1659307059
31,tiksi,71.6872,128.8694,42.08,94,100,14.05,RU,1659307020
32,port alfred,-33.5906,26.891,53.08,73,18,11.52,ZA,1659307047
33,calabozo,8.9242,-67.4293,79.14,80,72,2.89,VE,1659307228
34,benito juarez,19.385,-99.165,75.02,31,75,0.0,MX,1659307099
35,morehead,37.2711,-87.1764,79.0,92,100,0.0,US,1659307232
36,busselton,-33.65,115.3333,57.24,91,88,29.62,AU,1659307226
37,togur,58.3631,82.8265,54.95,65,100,12.37,RU,1659307237
38,dikson,73.5069,80.5464,40.87,94,100,14.58,RU,1659307041
39,emba,48.8264,58.1442,73.6,45,57,6.6,KZ,1659307241
40,magadan,59.5667,150.8,56.53,89,99,7.72,RU,1659307243
41,ushuaia,-54.8,-68.3,38.86,87,40,8.05,AR,1659307134
42,sitka,57.0531,-135.33,57.09,88,100,5.75,US,1659307248
43,torbay,47.6666,-52.7314,72.37,68,20,21.85,CA,1659307250
44,ilulissat,69.2167,-51.1,60.82,39,40,16.11,GL,1659307253
45,el cobre,20.0489,-75.9469,85.44,79,40,18.41,CU,1659307255
46,west des moines,41.572,-93.7453,87.91,48,20,16.11,US,1659307054
47,mataura,-46.1927,168.8643,45.48,86,24,5.75,NZ,1659307130
48,yulara,-25.2406,130.9889,49.86,42,39,9.42,AU,1659307264
49,bambous virieux,-20.3428,57.7575,70.21,73,75,11.5,MU,1659307197
50,hvide sande,56.0045,8.1294,61.09,91,100,23.76,DK,1659307268
51,tuktoyaktuk,69.4541,-133.0374,62.6,59,40,5.75,CA,1659307128
52,vardo,70.3705,31.1107,51.78,100,100,2.3,NO,1659307273
53,harper,4.375,-7.7169,75.18,81,100,13.42,LR,1659307275
54,sao filipe,14.8961,-24.4956,75.79,75,42,5.64,CV,1659307277
55,jamestown,42.097,-79.2353,78.19,48,20,8.05,US,1659307127
56,hasaki,35.7333,140.8333,86.29,75,98,1.07,JP,1659307284
57,caravelas,-17.7125,-39.2481,69.98,91,80,7.96,BR,1659307286
58,cabo san lucas,22.8909,-109.9124,92.05,69,40,11.5,MX,1659307228
59,pochutla,15.7432,-96.4661,87.62,63,60,6.11,MX,1659307291
60,clinton,42.587,-82.9199,86.43,52,20,16.11,US,1659307293
61,rikitea,-23.1203,-134.9692,72.18,74,100,22.57,PF,1659307049
62,noyabrsk,63.1994,75.4507,47.75,78,19,9.51,RU,1659307298
63,hobart,-42.8794,147.3294,51.26,74,99,1.99,AU,1659307300
64,bonavista,48.6499,-53.1147,63.27,81,66,2.53,CA,1659307302
65,hithadhoo,-0.6,73.0833,80.47,74,100,16.08,MV,1659307247
66,cape town,-33.9258,18.4232,52.92,80,0,7.0,ZA,1659307047
67,khyriv,49.5333,22.8524,59.5,96,100,5.64,UA,1659307309
68,maniwaki,46.3834,-75.966,82.78,39,25,8.05,CA,1659307054
69,znamenskoye,57.1281,73.8282,55.72,89,61,6.8,RU,1659307316
70,kapaa,22.0752,-159.319,85.98,64,0,14.97,US,1659307122
71,luau,-10.7073,22.2247,63.57,28,0,4.59,AO,1659307320
72,rockhampton,-23.3833,150.5,60.69,94,75,4.61,AU,1659307322
73,avarua,-21.2078,-159.775,78.85,65,20,16.11,CK,1659307060
74,atuona,-9.8,-139.0333,76.87,75,12,14.5,PF,1659307122
75,clyde river,70.4692,-68.5914,37.63,93,75,8.05,CA,1659307198
76,east london,-33.0153,27.9116,54.77,63,5,8.5,ZA,1659307137
77,vila praia de ancora,41.811,-8.8526,72.43,58,0,2.59,PT,1659307335
78,mitsamiouli,-11.3847,43.2844,75.52,72,2,5.66,KM,1659307340
79,homestead,25.4687,-80.4776,88.02,72,75,11.5,US,1659307194
80,sainte-rose,16.3324,-61.6979,84.24,74,75,11.5,GP,1659307346
81,itoman,26.1247,127.6694,78.82,94,75,9.22,JP,1659307126
82,katsuura,35.1333,140.3,84.56,76,82,5.14,JP,1659307351
83,nikolskoye,59.7035,30.7861,57.09,82,100,3.6,RU,1659307122
84,gat,31.61,34.7642,76.41,73,3,0.6,IL,1659307355
85,kontagora,10.3999,5.4695,71.67,89,87,4.34,NG,1659307358
86,mercedes,-34.6515,-59.4307,57.63,69,1,6.22,AR,1659307360
87,bengkulu,-3.8004,102.2655,74.91,88,91,4.54,ID,1659307362
88,constitucion,-35.3333,-72.4167,49.84,90,71,4.76,CL,1659307365
89,tasiilaq,65.6145,-37.6368,48.36,50,43,5.53,GL,1659307367
90,albany,42.6001,-73.9662,81.01,60,99,4.29,US,1659307321
91,bethel,41.3712,-73.414,83.35,61,86,6.46,US,1659307371
92,middelkerke,51.1558,2.8418,67.15,94,75,11.5,BE,1659307374
93,dingle,10.9995,122.6711,78.01,84,100,1.63,PH,1659307376
94,airai,-8.9266,125.4092,60.4,87,61,2.77,TL,1659307116
95,chamba,32.5667,76.1333,72.73,90,91,3.69,IN,1659307381
96,clarence town,-32.5833,151.7833,58.98,80,93,2.57,AU,1659307383
97,erenhot,43.6475,111.9767,78.64,43,59,6.76,CN,1659307385
98,pevek,69.7008,170.3133,48.78,64,0,12.59,RU,1659307126
99,upernavik,72.7868,-56.1549,50.41,66,96,1.12,GL,1659307173
100,pimentel,-6.8367,-79.9342,68.29,64,0,19.57,PE,1659307392
101,broken hill,-31.95,141.4333,46.8,68,0,6.73,AU,1659307367
102,esperance,-33.8667,121.9,47.68,60,0,17.22,AU,1659307396
103,castro,-24.7911,-50.0119,53.8,75,0,1.41,BR,1659307344
104,shemordan,56.1856,50.3972,57.58,92,4,7.18,RU,1659307401
105,nanchong,30.7951,106.0847,80.13,81,40,3.74,CN,1659307403
106,carballo,43.213,-8.691,71.01,96,4,6.98,ES,1659307405
107,port maria,18.3685,-76.8895,91.06,86,13,9.28,JM,1659307408
108,provideniya,64.3833,-173.3,48.36,81,0,8.95,RU,1659307202
109,carnarvon,-24.8667,113.6333,69.6,57,100,10.25,AU,1659307149
110,nanortalik,60.1432,-45.2371,47.23,91,70,7.31,GL,1659307260
111,kirakira,-10.4544,161.9205,83.41,75,26,12.26,SB,1659307416
112,new norfolk,-42.7826,147.0587,50.92,80,99,7.0,AU,1659307158
113,yarmouth,41.7057,-70.2286,78.91,72,0,12.66,US,1659307421
114,butaritari,3.0707,172.7902,81.34,78,58,13.89,KI,1659307423
115,chokurdakh,70.6333,147.9167,70.77,47,100,12.46,RU,1659307262
116,gubkin,51.2817,37.5458,61.56,59,100,7.61,RU,1659307428
117,teya,60.3778,92.6267,53.13,91,100,4.61,RU,1659307434
118,lexington,37.9887,-84.4777,78.24,84,100,5.75,US,1659307343
119,yellowknife,62.456,-114.3525,64.92,45,40,4.61,CA,1659307409
120,cebuano,6.3881,124.9683,75.24,87,91,0.56,PH,1659307441
121,canto do buriti,-8.11,-42.9444,80.44,44,44,3.56,BR,1659307443
122,severo-yeniseyskiy,60.3725,93.0408,51.6,95,100,3.49,RU,1659307446
123,touros,-5.1989,-35.4608,76.08,84,40,13.6,BR,1659307306
124,tilichiki,60.4667,166.1,54.61,65,78,4.38,RU,1659307452
125,grindavik,63.8424,-22.4338,49.95,81,75,11.5,IS,1659307436
126,karachi,24.9056,67.0822,80.42,89,75,10.36,PK,1659307230
127,popondetta,-8.7537,148.2534,84.67,56,17,0.92,PG,1659307459
128,broome,42.2506,-75.833,78.66,62,0,5.75,US,1659307461
129,tual,-5.6667,132.75,79.14,85,46,18.66,ID,1659307464
130,puerto ayora,-0.7393,-90.3518,75.16,87,85,5.99,EC,1659307466
131,saint-philippe,-21.3585,55.7679,66.22,80,62,14.52,RE,1659307405
132,hambantota,6.1241,81.1185,78.53,86,100,17.6,LK,1659307470
133,borba,-4.3878,-59.5939,79.38,73,86,1.59,BR,1659307475
134,evensk,61.95,159.2333,55.74,76,98,7.92,RU,1659307477
135,constantine,36.365,6.6147,81.81,34,20,3.44,DZ,1659307479
136,ponta do sol,32.6667,-17.1,72.23,80,3,2.37,PT,1659307219
137,mishan,45.55,131.8833,73.69,92,92,4.41,CN,1659307242
138,san patricio,28.017,-97.5169,97.52,50,50,17.31,US,1659307311
139,sheridan,44.8333,-106.9173,98.02,21,0,4.61,US,1659307490
140,wenling,28.3669,121.36,82.63,82,96,2.06,CN,1659307493
141,jagannathpur,22.2333,85.65,78.39,78,100,4.45,IN,1659307495
142,bredasdorp,-34.5322,20.0403,42.51,83,3,3.65,ZA,1659307497
143,saint-pierre,-21.3393,55.4781,67.91,69,0,6.91,RE,1659307500
144,florence,43.7667,11.25,79.3,66,0,3.44,IT,1659307504
145,livingstone,-17.8419,25.8543,57.58,26,18,4.09,ZM,1659307507
146,kruisfontein,-34.0033,24.7314,45.46,80,1,7.2,ZA,1659307509
147,fethiye,36.6217,29.1164,75.07,35,0,5.14,TR,1659307511
148,axim,4.8699,-2.2405,74.48,82,79,12.71,GH,1659307514
149,hay river,60.8156,-115.7999,64.38,48,20,10.36,CA,1659307342
150,port augusta,-32.5,137.7667,48.49,74,0,5.73,AU,1659307518
151,thompson,55.7435,-97.8558,64.56,63,75,0.0,CA,1659307520
152,leningradskiy,69.3833,178.4167,51.22,63,52,6.69,RU,1659307525
153,yashkul,46.1711,45.3435,81.43,46,0,3.71,RU,1659307527
154,isangel,-19.55,169.2667,75.04,84,96,14.7,VU,1659307470
155,taltal,-25.4,-70.4833,59.23,82,24,5.28,CL,1659307532
156,cherskiy,68.75,161.3,67.95,41,17,19.24,RU,1659307391
157,sandwick,60.0,-1.25,53.42,82,20,9.22,GB,1659307536
158,sovetskaya gavan,48.9723,140.2878,64.08,78,9,7.78,RU,1659307539
159,ambon,-3.6954,128.1814,75.34,100,40,5.75,ID,1659307463
160,hofn,64.2539,-15.2082,52.41,62,82,10.38,IS,1659307348
161,lavrentiya,65.5833,-171.0,48.38,69,52,3.42,RU,1659307545
162,tessalit,20.1986,1.0114,95.76,17,82,6.67,ML,1659307548
163,plettenberg bay,-34.0527,23.3716,49.1,73,1,4.72,ZA,1659307300
164,coihaique,-45.5752,-72.0662,39.15,60,0,5.75,CL,1659307552
165,paso de los toros,-32.8167,-56.5167,50.9,77,1,5.3,UY,1659307554
166,georgetown,5.4112,100.3354,80.89,91,40,2.3,MY,1659307557
167,norman wells,65.282,-126.8329,71.64,46,20,13.8,CA,1659307559
168,ostrovnoy,68.0531,39.5131,56.1,79,87,5.35,RU,1659307564
169,ulladulla,-35.35,150.4667,56.97,66,71,11.9,AU,1659307566
170,cidreira,-30.1811,-50.2056,59.23,87,89,9.8,BR,1659307336
171,suntar,62.1444,117.6319,63.64,93,99,4.54,RU,1659307571
172,juneau,58.3019,-134.4197,62.6,99,100,5.75,US,1659307316
173,asyut,27.181,31.1837,86.18,27,27,8.5,EG,1659307577
174,yazd,31.8972,54.3675,84.31,28,0,2.3,IR,1659307580
175,mount isa,-20.7333,139.5,64.17,39,0,4.61,AU,1659307582
176,mosquera,4.7059,-74.2302,62.69,59,40,5.75,CO,1659307396
177,bilma,18.6853,12.9164,88.59,42,88,3.02,NE,1659307586
178,pisco,-13.7,-76.2167,62.65,77,20,8.05,PE,1659307492
179,satwas,22.5333,76.6833,75.49,88,100,5.44,IN,1659307591
180,camana,-16.6228,-72.7111,59.99,81,61,5.19,PE,1659307593
181,susangerd,31.5608,48.1831,91.98,55,1,13.31,IR,1659307596
182,mogok,22.9167,96.5,66.49,99,100,2.15,MM,1659307598
183,zhangye,38.9342,100.4517,72.0,58,64,4.68,CN,1659307600
184,luwingu,-10.2621,29.9271,57.04,46,4,2.71,ZM,1659307603
185,chambersburg,39.9376,-77.6611,69.76,96,100,1.01,US,1659307571
186,sao felix do xingu,-6.6447,-51.995,77.43,64,47,2.01,BR,1659307607
187,khasan,42.4308,130.6434,72.0,100,100,3.8,RU,1659307610
188,vila franca do campo,37.7167,-25.4333,72.01,82,71,4.07,PT,1659307612
189,port elizabeth,-33.918,25.5701,50.31,81,0,9.22,ZA,1659307614
190,meulaboh,4.1363,96.1285,76.3,88,96,4.92,ID,1659307617
191,necochea,-38.5473,-58.7368,51.64,79,76,7.45,AR,1659307619
192,bulungu,-4.55,18.6,77.81,40,18,2.04,CD,1659307623
193,saint-augustin,51.226,-58.6502,71.35,56,85,9.17,CA,1659307626
194,arraial do cabo,-22.9661,-42.0278,66.06,72,0,3.44,BR,1659307519
195,pleven,43.4167,24.6167,69.75,64,20,4.61,BG,1659307632
196,khatanga,71.9667,102.5,44.76,73,100,7.99,RU,1659307635
197,orlik,52.5178,99.825,56.53,78,85,0.87,RU,1659307637
198,mareeba,-17.0,145.4333,68.43,88,100,3.06,AU,1659307640
199,komsomolskiy,40.4272,71.7189,77.72,36,100,6.91,UZ,1659307642
200,ulaanbaatar,47.9077,106.8832,48.33,87,0,0.0,MN,1659307487
201,lorengau,-2.0226,147.2712,84.79,70,100,11.97,PG,1659307646
202,wilmington,34.2257,-77.9447,87.71,70,0,9.22,US,1659307449
203,vanimo,-2.6741,141.3028,79.72,86,99,6.35,PG,1659307651
204,carauari,-4.8828,-66.8958,80.8,70,100,1.1,BR,1659307653
205,ancud,-41.8697,-73.8203,43.23,82,100,0.98,CL,1659307656
206,qaanaaq,77.484,-69.3632,46.33,60,66,1.41,GL,1659307658
207,qaqortoq,60.7167,-46.0333,47.97,87,74,3.02,GL,1659307660
208,cayenne,4.9333,-52.3333,83.08,1,20,4.61,GF,1659307603
209,hami,42.8,93.45,81.05,29,50,6.44,CN,1659307636
210,husavik,66.0449,-17.3389,42.26,91,100,14.54,IS,1659307667
211,turukhansk,65.8167,87.9833,46.4,76,99,14.99,RU,1659307669
212,haapiti,-17.5667,-149.8667,83.93,67,15,23.4,PF,1659307672
213,vestmannaeyjar,63.4427,-20.2734,49.87,74,71,18.45,IS,1659307572
214,alihe,50.5667,123.7167,65.89,91,46,1.92,CN,1659307676
215,coquimbo,-29.9533,-71.3436,56.93,82,40,9.22,CL,1659307683
216,los llanos de aridane,28.6585,-17.9182,69.55,93,75,18.41,ES,1659307648
217,north bend,43.4065,-124.2243,74.91,91,75,8.05,US,1659307587
218,reconquista,-29.15,-59.65,59.67,54,0,6.58,AR,1659307689
219,jalu,29.0331,21.5482,81.37,58,0,16.28,LY,1659307399
220,ballina,-28.8667,153.5667,56.79,98,100,7.27,AU,1659307694
221,gasa,31.5,34.4667,76.42,74,3,1.5,PS,1659307696
222,sa kaeo,13.75,102.3333,74.48,92,100,5.64,TH,1659307699
223,nichinan,31.6,131.3667,82.08,92,96,14.18,JP,1659307701
224,belyy yar,53.6039,91.3903,60.69,93,0,2.24,RU,1659307428
225,sidhi,24.4167,81.8833,81.73,74,97,7.61,IN,1659307710
226,kenai,60.5544,-151.2583,67.03,76,0,12.66,US,1659307712
227,dukat,62.55,155.55,55.65,56,41,9.48,RU,1659307714
228,pahrump,36.2083,-115.9839,78.85,35,81,11.48,US,1659307717
229,mahebourg,-20.4081,57.7,70.25,73,75,11.5,MU,1659307719
230,rocha,-34.4833,-54.3333,50.2,79,97,5.77,UY,1659307721
231,strelka,58.0728,93.0344,62.67,99,99,3.94,RU,1659307724
232,berdigestyakh,62.0989,126.6992,69.08,85,99,8.25,RU,1659307442
233,kolomak,49.8399,35.3044,66.54,51,28,11.45,UA,1659307728
234,klaksvik,62.2266,-6.589,50.4,85,28,12.57,FO,1659307711
235,diu,20.7141,70.9822,80.85,82,91,13.13,IN,1659307733
236,frederiksberg,55.6794,12.5346,62.89,89,75,6.91,DK,1659307735
237,crib point,-38.35,145.2,50.65,79,77,18.45,AU,1659307737
238,kaseda,31.4167,130.3167,82.96,84,75,19.66,JP,1659307742
239,lanzhou,36.0564,103.7922,73.6,72,100,2.44,CN,1659307744
240,sao lourenco da serra,-23.8525,-46.9425,61.0,94,0,1.21,BR,1659307747
241,barrow,71.2906,-156.7887,41.92,77,52,8.99,US,1659307751
242,tazovskiy,67.4667,78.7,43.23,81,6,10.67,RU,1659307753
243,santa cruz,-17.8,-63.1667,78.85,53,20,13.8,BO,1659307756
244,liverpool,53.4106,-2.9779,57.81,79,0,5.75,GB,1659307592
245,salalah,17.0151,54.0924,77.09,88,75,8.05,OM,1659307760
246,emborion,40.4833,21.55,71.96,63,56,4.81,GR,1659307763
247,yar-sale,66.8333,70.8333,46.69,80,14,7.07,RU,1659307767
248,ahipara,-35.1667,173.1667,57.7,59,12,7.61,NZ,1659307574
249,fare,-16.7,-151.0167,78.55,71,22,25.86,PF,1659307771
250,naze,28.3667,129.4833,81.52,84,100,20.71,JP,1659307774
251,elko,41.0002,-115.5012,95.65,8,68,3.0,US,1659307776
252,shitanjing,39.2342,106.3439,72.12,75,73,10.65,CN,1659307779
253,paka,4.6374,103.4368,75.13,94,91,0.0,MY,1659307550
254,cockburn town,21.4612,-71.1419,84.16,74,40,17.27,TC,1659307783
255,jiwani,25.05,61.7417,81.18,88,74,7.49,PK,1659307785
256,ekibastuz,51.6667,75.3667,64.31,81,100,10.67,KZ,1659307788
257,padang,-0.9492,100.3543,77.41,86,100,3.29,ID,1659307792
258,lashio,22.9333,97.75,69.1,99,100,0.81,MM,1659307773
259,bathsheba,13.2167,-59.5167,83.01,89,40,19.57,BB,1659307797
260,fort nelson,58.8053,-122.7002,69.39,64,75,6.91,CA,1659307799
261,palma di montechiaro,37.1926,13.765,80.31,74,0,4.09,IT,1659307801
262,villa rica,33.7321,-84.9191,90.12,68,33,5.77,US,1659307545
263,half moon bay,37.4636,-122.4286,79.54,76,40,18.41,US,1659307806
264,san andres,12.5847,-81.7006,84.22,84,40,12.66,CO,1659307808
265,kutum,14.2,24.6667,68.09,78,100,12.28,SD,1659307515
266,shetpe,44.1667,52.1167,78.03,42,1,6.08,KZ,1659307815
267,aswan,24.0934,32.907,90.7,18,0,4.61,EG,1659307817
268,oranjemund,-28.55,16.4333,53.47,57,0,9.62,NA,1659307820
269,okha,53.5739,142.9478,60.53,72,18,18.12,RU,1659307822
270,khilok,51.3674,110.4676,59.81,88,65,3.13,RU,1659307824
271,ulan-ude,51.8261,107.6098,60.69,87,45,2.24,RU,1659307829
272,sangar,63.9242,127.4739,65.25,87,98,15.17,RU,1659307833
273,leua,48.2156,18.6071,56.08,80,13,2.57,SK,1659307836
274,agadir,30.4202,-9.5982,68.45,70,65,4.97,MA,1659307630
275,kita,13.0349,-9.4895,75.81,85,85,3.78,ML,1659307840
276,faya,18.3851,42.4509,66.31,58,77,7.74,SA,1659307843
277,souillac,-20.5167,57.5167,70.18,73,75,11.5,MU,1659307757
278,tabou,4.423,-7.3528,75.27,80,98,12.84,CI,1659307847
279,chapais,49.7834,-74.8492,78.58,63,98,6.02,CA,1659307849
280,khoy,38.5504,44.9535,75.09,49,39,1.86,IR,1659307854
281,bongandanga,1.5,21.05,72.79,82,100,1.34,CD,1659307858
282,lodwar,3.1191,35.5973,81.32,52,64,8.97,KE,1659307861
283,ahuimanu,21.4447,-157.8378,83.91,55,0,16.11,US,1659307863
284,blythe,33.6103,-114.5964,106.25,17,20,17.27,US,1659307866
285,suoyarvi,62.0833,32.35,53.28,85,77,4.97,RU,1659307868
286,valentin gomez farias,28.2167,-106.5833,84.27,20,73,14.47,MX,1659307870
287,vila velha,-20.3297,-40.2925,71.55,83,75,6.91,BR,1659307732
288,houma,29.5958,-90.7195,87.01,79,19,9.71,US,1659307875
289,dharchula,29.85,80.5333,72.16,92,100,0.78,IN,1659307877
290,dauphin,51.1494,-100.0502,71.74,60,75,4.61,CA,1659307879
291,ivolginsk,51.7492,107.2837,60.46,88,44,2.24,RU,1659307882
292,melekhovo,56.2773,41.2935,53.94,80,15,4.14,RU,1659307884
293,sibolga,1.7427,98.7792,75.74,87,100,3.36,ID,1659307887
294,kaitangata,-46.2817,169.8464,41.95,77,7,7.31,NZ,1659307889
295,angoche,-16.2325,39.9086,70.93,81,5,3.98,MZ,1659307857
296,nouadhibou,20.931,-17.0347,75.18,78,16,9.22,MR,1659307893
297,beringovskiy,63.05,179.3167,50.63,62,93,4.83,RU,1659307806
298,marevo,57.3146,32.0804,58.8,66,100,4.68,RU,1659307898
299,ketchikan,55.3422,-131.6461,63.07,94,100,6.91,US,1659307900
300,monte carmelo,-18.7247,-47.4986,71.22,31,4,2.77,BR,1659307620
301,conceicao do araguaia,-8.2578,-49.2647,86.68,29,43,1.68,BR,1659307905
302,lagoa,39.05,-27.9833,72.5,74,0,6.87,PT,1659307907
303,nemuro,43.3236,145.575,59.49,89,99,9.06,JP,1659307909
304,sola,-13.8833,167.55,81.27,83,75,4.61,VU,1659307912
305,cerro largo,-28.1486,-54.7381,55.33,77,0,3.0,BR,1659307914
306,alexandria,31.2156,29.9553,78.76,83,0,12.66,EG,1659307704
307,lawrenceville,33.9562,-83.988,89.85,67,0,4.61,US,1659307921
308,port hardy,50.6996,-127.4199,69.98,73,75,10.36,CA,1659307923
309,san quintin,30.4833,-115.95,76.17,60,26,10.27,MX,1659307925
310,coalinga,36.1397,-120.3602,101.03,18,41,15.95,US,1659307928
311,chunoyar,57.4467,97.3217,63.86,98,100,3.91,RU,1659307932
312,valparaiso,-33.0393,-71.6273,59.23,71,0,3.44,CL,1659307841
313,namibe,-15.1961,12.1522,57.51,82,12,11.3,AO,1659307937
314,bokoro,12.3807,17.0568,81.28,69,100,7.74,TD,1659307939
315,avera,33.194,-82.5271,94.51,25,3,9.57,US,1659307742
316,rafaela,-31.2503,-61.4867,62.01,45,0,6.35,AR,1659307812
317,guane,22.2025,-84.0875,86.59,54,21,9.48,CU,1659307946
318,changying,52.8733,123.3213,65.44,86,90,4.83,CN,1659307948
319,magan,39.9683,-3.931,91.53,23,3,4.03,ES,1659307950
320,neryungri,56.6709,124.6491,62.33,90,100,2.73,RU,1659307953
321,dodge city,37.7528,-100.0171,93.24,55,8,5.01,US,1659307955
322,shahrud,36.4182,54.9763,70.63,50,21,5.59,IR,1659307958
323,victor harbor,-35.5667,138.6167,49.68,84,8,16.33,AU,1659307960
324,itarema,-2.9248,-39.9167,78.85,82,6,14.85,BR,1659307962
325,chicama,-7.8447,-79.1469,61.34,76,26,7.94,PE,1659307965
326,tura,25.5198,90.2201,73.65,99,100,5.75,IN,1659307939
327,ndola,-12.9587,28.6366,57.06,48,0,5.08,ZM,1659307969
328,elmadag,39.9208,33.2308,72.34,55,0,5.77,TR,1659307972
329,kondagaon,19.6,81.6667,73.15,91,100,2.37,IN,1659307974
330,yerbogachen,61.2767,108.0108,66.67,80,17,0.49,RU,1659307911
331,marsh harbour,26.5412,-77.0636,83.73,69,55,12.26,BS,1659307978
332,show low,34.2542,-110.0298,80.89,34,75,9.22,US,1659307805
333,luderitz,-26.6481,15.1594,58.6,51,0,9.35,NA,1659307983
334,severo-kurilsk,50.6789,156.125,53.76,86,99,10.45,RU,1659307985
335,praia da vitoria,38.7333,-27.0667,73.65,83,20,6.55,PT,1659307988
336,shebalino,51.2917,85.6772,55.87,74,70,5.44,RU,1659307990
337,dawlatabad,36.4141,64.9053,78.53,30,1,0.65,AF,1659307992
338,karratha,-20.7377,116.8463,68.94,75,35,0.78,AU,1659307995
339,kiskunhalas,46.434,19.4848,62.02,63,49,8.14,HU,1659307997
340,kavaratti,10.5669,72.642,80.44,80,100,23.89,IN,1659307998
341,eureka,40.8021,-124.1637,79.66,79,97,4.0,US,1659307816
342,charlottetown,46.2352,-63.1267,79.09,61,40,12.66,CA,1659308006
343,poum,-20.2333,164.0167,72.36,71,66,12.1,NC,1659308008
344,huasahuasi,-11.3167,-75.6167,42.08,84,26,5.01,PE,1659308011
345,micheweni,-4.9667,39.8333,74.61,82,46,10.38,TZ,1659308013
346,jishou,28.3167,109.7167,76.23,92,38,0.38,CN,1659308015
347,tenkodogo,11.78,-0.3697,70.63,91,98,7.7,BF,1659308018
348,andenes,69.3143,16.1194,57.18,72,75,17.27,NO,1659308020
349,lata,40.1629,-8.3327,69.69,61,0,2.3,PT,1659308023
350,prince rupert,54.3161,-130.3201,60.89,94,100,9.22,CA,1659308025
351,san carlos de bariloche,-41.1456,-71.3082,38.95,65,75,3.44,AR,1659307831
352,magway,20.15,94.9167,80.1,80,100,7.02,MM,1659308034
353,kupang,-10.1667,123.5833,75.38,82,32,5.73,ID,1659308036
354,honningsvag,70.9821,25.9704,56.95,82,100,2.3,NO,1659308038
355,stornoway,58.2093,-6.3865,51.93,89,20,2.3,GB,1659308041
356,brisbane,-27.4679,153.0281,59.59,94,100,1.99,AU,1659307820
357,valdivia,-39.8142,-73.2459,46.49,97,100,1.5,CL,1659308045
358,rio gallegos,-51.6226,-69.2181,41.05,56,0,10.36,AR,1659307900
359,port hedland,-20.3167,118.5667,62.65,67,28,6.91,AU,1659307922
360,panguna,-6.3164,155.4848,78.19,69,26,3.15,PG,1659308052
361,gaziantep,37.0594,37.3825,77.56,61,0,0.0,TR,1659308054
362,olafsvik,64.8945,-23.7142,48.11,65,100,10.13,IS,1659308022
363,ca mau,9.1769,105.15,78.55,91,100,4.12,VN,1659307956
364,sakakah,29.9697,40.2064,90.97,17,61,7.38,SA,1659307982
365,skjervoy,70.0311,20.9714,59.0,74,100,2.82,NO,1659308063
366,fallon,39.4735,-118.7774,103.91,12,75,6.91,US,1659308065
367,olga,43.7444,135.2892,65.19,99,100,7.67,RU,1659308067
368,moron,-34.6534,-58.6198,58.89,78,2,3.96,AR,1659307781
369,birjand,32.8663,59.2211,73.87,28,0,9.22,IR,1659308072
370,caborca,30.5838,-111.101,90.21,43,83,7.47,MX,1659308074
371,ukhta,63.5671,53.6835,59.07,68,100,6.44,RU,1659308079
372,maceio,-9.6658,-35.7353,76.44,88,20,6.91,BR,1659308033
373,odweyne,9.4092,45.064,73.27,53,98,21.3,SO,1659308083
374,ixtapa,20.7,-105.2,87.22,73,99,5.01,MX,1659308086
375,roma,43.2128,-75.4557,78.82,69,100,0.22,US,1659308088
376,keffi,8.8486,7.8736,71.13,96,72,2.66,NG,1659308090
377,hanna,51.6334,-111.9018,86.86,41,28,7.0,CA,1659308093
378,guerrero negro,27.9769,-114.0611,84.18,45,13,13.29,MX,1659308095
379,benjamin constant,-4.3831,-70.0311,82.53,78,40,2.3,BR,1659308097
380,chitral,35.8462,71.7858,73.38,62,25,1.79,PK,1659308100
381,pangnirtung,66.1451,-65.7125,49.44,79,99,1.43,CA,1659308013
382,cabedelo,-6.9811,-34.8339,75.87,85,99,13.87,BR,1659307889
383,seoul,37.5683,126.9778,78.4,97,100,5.75,KR,1659308106
384,ornes,66.8689,13.7078,57.65,95,100,4.72,NO,1659308109
385,puerto escondido,15.85,-97.0667,85.06,70,20,5.37,MX,1659308111
386,fortuna,40.5982,-124.1573,67.93,81,0,12.66,US,1659308116
387,chesma,53.8111,60.6533,58.12,85,23,5.19,RU,1659308118
388,bolu,40.6667,31.5833,64.71,91,62,4.03,TR,1659308121
389,palmer,42.1584,-72.3287,81.95,60,75,10.36,US,1659308123
390,gamba,-2.65,10.0,71.11,95,30,6.64,GA,1659308125
391,nhulunbuy,-12.2333,136.7667,74.01,94,100,5.75,AU,1659308128
392,eyemouth,55.8713,-2.0901,53.82,78,71,7.11,GB,1659308130
393,octeville,49.6261,-1.6435,63.09,94,75,10.36,FR,1659308132
394,tateyama,34.9833,139.8667,83.61,77,83,8.03,JP,1659308007
395,caxito,-8.5785,13.6643,65.68,96,15,3.31,AO,1659308137
396,petropavlovsk-kamchatskiy,53.0452,158.6483,57.79,72,75,4.47,RU,1659308139
397,egvekinot,66.3167,-179.1667,53.85,49,42,4.34,RU,1659308142
398,lompoc,34.6391,-120.4579,76.51,69,0,17.27,US,1659308144
399,talavera de la reina,39.9635,-4.8308,85.35,30,60,4.83,ES,1659308148
400,telenesti,47.4997,28.3656,66.04,94,100,0.96,MD,1659308151
401,mudgee,-32.5943,149.5871,50.61,100,100,8.05,AU,1659308153
402,gigmoto,13.7796,124.39,82.09,82,100,6.62,PH,1659308156
403,atagay,55.1033,99.3875,62.35,89,51,3.31,RU,1659308158
404,tikapur,28.5,81.1333,79.45,86,100,0.92,NP,1659308160
405,wysokie mazowieckie,52.9166,22.5171,59.45,98,100,6.78,PL,1659308163
406,dutlwe,-23.9833,23.9,57.61,30,37,10.6,BW,1659308165
407,chipinge,-20.1883,32.6236,53.62,44,8,3.83,ZW,1659308167
408,kisangani,0.5167,25.2,70.56,97,100,2.24,CD,1659308170
409,sabha,27.0377,14.4283,84.22,18,0,9.91,LY,1659308172
410,cozumel,20.5083,-86.9458,89.67,74,40,10.36,MX,1659308175
411,hobyo,5.3505,48.5268,75.36,86,0,23.98,SO,1659308177
412,mayo,38.8876,-76.5119,78.98,85,100,1.99,US,1659307956
413,cooma,-36.2333,149.1333,44.37,75,40,17.27,AU,1659308181
414,makakilo city,21.3469,-158.0858,82.72,52,14,19.06,US,1659308186
415,santiago de cao,-7.9589,-79.2392,62.73,88,44,12.66,PE,1659308192
416,bonfim,3.0833,-59.95,78.28,80,46,4.88,BR,1659308195
417,nabire,-3.3667,135.4833,76.23,91,98,2.37,ID,1659308105
418,talnakh,69.4865,88.3972,45.21,70,20,16.02,RU,1659308199
419,labuhan,-6.8844,112.2051,73.99,87,98,5.46,ID,1659308071
420,zasheyek,67.4066,32.5499,50.95,97,99,4.03,RU,1659308204
421,nyurba,63.2842,118.3319,69.53,72,61,4.52,RU,1659308021
422,kraskino,42.7114,130.7794,72.45,99,100,4.32,RU,1659308208
423,laguna,38.421,-121.4238,91.02,45,0,9.22,US,1659308053
424,bima,-8.4667,118.7167,73.76,89,73,2.8,ID,1659308215
425,port-de-bouc,43.4,4.9833,78.82,59,0,10.36,FR,1659308217
426,la grande,45.3246,-118.0877,101.01,17,72,10.04,US,1659308220
427,pychas,56.5033,52.4409,59.52,93,64,4.61,RU,1659308222
428,neuquen,-38.9516,-68.0591,53.49,62,0,0.0,AR,1659308224
429,waipawa,-41.4122,175.5153,47.19,70,3,2.37,NZ,1659308227
430,sioux lookout,50.1001,-91.917,68.07,94,75,3.44,CA,1659308229
431,kourou,5.1552,-52.6478,83.1,86,50,4.97,GF,1659308231
432,vostok,46.4856,135.8833,71.46,79,100,3.33,RU,1659308208
433,hamilton,39.1834,-84.5333,80.6,74,35,1.01,US,1659308236
434,khandyga,62.6667,135.6,76.42,56,48,4.16,RU,1659308242
435,bridgetown,13.1,-59.6167,82.89,78,40,19.57,BB,1659308245
436,henties bay,-22.116,14.2845,53.53,76,72,2.51,NA,1659308247
437,chiredzi,-21.05,31.6667,61.45,45,5,5.28,ZW,1659308250
438,port lincoln,-34.7333,135.8667,53.98,77,3,12.48,AU,1659308252
439,lasa,46.6166,10.7002,63.36,88,3,4.65,IT,1659308254
440,pauini,-7.7136,-66.9764,80.64,64,97,2.46,BR,1659308257
441,sharjah,25.3573,55.4033,98.58,40,0,4.61,AE,1659308259
442,micomeseng,2.1462,10.6164,68.04,96,74,3.2,GQ,1659308261
443,codrington,-38.2667,141.9667,46.08,91,33,16.2,AU,1659308264
444,yeppoon,-23.1333,150.7333,60.58,78,99,8.21,AU,1659308266
445,karaidel,55.8337,56.9069,57.36,94,72,2.13,RU,1659308268
446,bhainsdehi,21.6467,77.6325,71.51,89,96,4.47,IN,1659308271
447,sidi ali,36.0998,0.4206,75.83,83,0,5.26,DZ,1659308273
448,cap-aux-meules,47.3821,-61.8597,73.45,64,20,12.66,CA,1659308275
449,grand gaube,-20.0064,57.6608,70.38,72,7,1.99,MU,1659308278
450,camacha,33.0833,-16.3333,67.42,78,40,6.91,PT,1659308280
451,soe,-9.8607,124.284,66.97,83,84,4.45,ID,1659308283
452,srivardhan,18.0333,73.0167,80.53,83,69,5.03,IN,1659308285
453,vilyuysk,63.7553,121.6247,67.78,85,100,3.24,RU,1659308287
454,maumere,-8.6199,122.2111,76.66,79,60,2.59,ID,1659308290
455,margate,51.3813,1.3862,67.3,89,97,4.0,GB,1659308292
456,poshekhonye,58.4993,39.1353,53.96,82,73,1.86,RU,1659308294
457,champerico,14.3,-91.9167,90.14,81,100,10.83,GT,1659308301
458,great falls,47.5002,-111.3008,97.66,10,0,10.36,US,1659308090
459,sechura,-5.5569,-80.8222,67.68,68,8,18.03,PE,1659308305
460,kavieng,-2.5744,150.7967,83.55,73,94,13.6,PG,1659308308
461,morros,-9.4467,-46.3003,83.93,34,59,4.09,BR,1659308310
462,adre,13.4667,22.2,74.19,81,100,5.7,TD,1659308313
463,ganzhou,28.8184,115.4327,81.82,75,0,1.74,CN,1659308315
464,mvuma,-19.2792,30.5283,53.82,31,6,7.09,ZW,1659308317
465,vagur,61.4732,-6.8119,50.79,87,45,18.9,FO,1659308320
466,batemans bay,-35.7167,150.1833,55.09,64,67,10.85,AU,1659308324
467,sur,22.5667,59.5289,85.91,66,34,10.2,OM,1659308327
468,bowen,-20.0167,148.2333,68.05,76,69,13.82,AU,1659308233
469,ransang,8.9603,117.5828,78.85,86,100,7.58,PH,1659308331
470,kpandae,8.4689,-0.0113,72.86,95,100,8.25,GH,1659308333
471,ormara,25.2088,64.6357,81.97,85,100,15.97,PK,1659308336
472,twentynine palms,34.1356,-116.0542,99.14,28,80,7.0,US,1659308136
473,kidal,18.4411,1.4078,96.71,17,69,6.33,ML,1659308340
474,gornozavodsk,58.3758,58.3211,57.6,98,89,5.35,RU,1659308343
475,basco,20.4487,121.9702,85.69,74,97,13.96,PH,1659308345
476,samarai,-10.6167,150.6667,80.76,80,61,11.72,PG,1659308272
477,wasilla,61.5814,-149.4394,66.22,71,75,4.61,US,1659308349
478,geraldton,-28.7667,114.6,59.41,67,100,23.02,AU,1659308352
479,nianzishan,47.5167,122.8833,74.34,77,61,4.23,CN,1659308354
480,nancha,47.1333,129.2667,76.24,83,4,1.16,CN,1659308356
481,hanmer springs,-42.5167,172.8167,40.68,93,5,5.86,NZ,1659308359
482,tadine,-21.55,167.8833,72.41,76,99,18.77,NC,1659308308
483,santa teresa,10.2341,-66.6631,79.72,75,36,6.08,VE,1659308363
484,saldanha,-33.0117,17.9442,44.65,79,0,13.96,ZA,1659308366
485,buala,-8.145,159.5921,84.54,71,14,12.3,SB,1659308368
486,srandakan,-7.9386,110.2506,71.35,87,25,2.75,ID,1659308370
487,korem,12.5058,39.5228,60.6,71,96,3.15,ET,1659308373
488,linkou,45.3,130.2833,74.71,91,65,3.69,CN,1659308375
489,fairbanks,64.8378,-147.7164,65.3,86,100,3.33,US,1659308377
490,aksarka,66.5606,67.7975,47.7,86,33,4.65,RU,1659308380
491,iqaluit,63.7506,-68.5145,51.53,76,75,11.5,CA,1659308382
492,hurghada,27.2574,33.8129,89.64,23,0,10.36,EG,1659308384
493,pallasovka,50.05,46.8833,71.83,67,48,12.82,RU,1659308387
494,flinders,-34.5833,150.8552,61.38,77,79,5.99,AU,1659308389
495,walnut,34.0203,-117.8653,100.63,35,0,11.5,US,1659308392
496,raymond terrace,-32.75,151.75,60.12,82,100,4.61,AU,1659308394
497,qui nhon,13.7667,109.2333,78.06,87,100,5.37,VN,1659308396
498,pascagoula,30.3658,-88.5561,90.55,75,6,7.87,US,1659308399
499,dosso,13.049,3.1937,74.53,71,99,11.74,NE,1659308401
500,acapulco,16.8634,-99.8901,85.68,68,33,10.51,MX,1659308371
501,mirnyy,62.5353,113.9611,64.24,82,60,7.0,RU,1659308406
502,puerto carreno,6.189,-67.4859,80.33,83,78,1.16,CO,1659308411
503,manokwari,-0.8667,134.0833,80.65,64,83,1.77,ID,1659308413
504,den helder,52.9599,4.7593,65.01,94,75,9.22,NL,1659308416
505,quatre cocos,-20.2078,57.7625,70.09,71,16,13.67,MU,1659308271
506,portland,45.5234,-122.6762,101.98,32,6,7.0,US,1659308333
507,opuwo,-18.0607,13.84,51.13,49,4,7.54,NA,1659308422
508,impfondo,1.6381,18.0667,71.92,76,78,1.19,CG,1659308425
509,mont-de-marsan,44.0,-0.6667,67.82,77,0,5.75,FR,1659308427
510,price,39.5994,-110.8107,89.11,25,31,9.98,US,1659308430
511,northam,51.0333,-4.2167,60.39,95,7,5.46,GB,1659308432
512,benjamin aceval,-24.9667,-57.5667,69.89,48,100,2.57,PY,1659308437
513,pedernales,18.0384,-71.744,88.29,58,38,20.15,DO,1659308250
514,santa rosa,14.3122,121.1114,80.11,95,100,1.12,PH,1659308441
515,udachnyy,66.4167,112.4,57.45,93,100,16.78,RU,1659308444
516,merauke,-8.4667,140.3333,78.33,83,88,12.03,ID,1659308448
517,ternate,0.8,127.4,80.26,81,100,3.22,ID,1659308451
518,scarborough,54.2797,-0.4044,57.9,87,92,5.32,GB,1659308430
519,antofagasta,-23.65,-70.4,57.65,86,58,7.31,CL,1659308456
520,san bartolome de tirajana,27.9248,-15.5733,63.07,86,20,28.77,ES,1659308458
521,okhotsk,59.3833,143.3,58.26,88,100,7.34,RU,1659308460
522,chuy,-33.6971,-53.4616,49.35,79,94,5.88,UY,1659308463
523,campoverde,-8.4753,-74.8058,84.56,52,61,1.57,PE,1659308465
524,athabasca,54.7169,-113.2854,66.61,52,72,3.44,CA,1659308384
525,kloulklubed,7.0419,134.2556,73.9,78,100,6.98,PW,1659308470
526,erie,42.7667,-78.6664,80.78,58,88,5.01,US,1659308334
527,primero de enero,21.9469,-78.4283,83.03,76,38,14.18,CU,1659308474
528,bereda,43.2686,-7.5406,65.57,100,49,7.38,ES,1659308477
529,puerto del rosario,28.5004,-13.8627,73.15,83,0,19.57,ES,1659308479
530,lewisporte,49.2499,-55.0482,67.15,78,82,4.07,CA,1659308481
531,iaciara,-14.0958,-46.6317,76.8,22,2,2.68,BR,1659308484
532,gorom-gorom,14.4439,-0.2361,80.02,64,99,17.45,BF,1659308486
533,jega,12.2175,4.3792,75.04,75,52,7.23,NG,1659308488
534,qasigiannguit,68.8193,-51.1922,59.25,93,58,4.65,GL,1659308493
535,southbridge,42.0751,-72.0334,81.93,69,85,5.64,US,1659308495
536,menongue,-14.6585,17.691,55.09,37,4,1.83,AO,1659308498
537,bela,25.9333,81.9833,86.09,69,100,3.98,IN,1659308500
538,bindura,-17.3019,31.3306,52.61,41,3,1.88,ZW,1659308502
539,caninde,-4.3589,-39.3117,75.54,76,34,1.81,BR,1659308505
540,condado,21.8767,-79.8403,83.53,80,46,9.71,CU,1659308507
541,winneba,5.3511,-0.6231,73.83,84,93,13.8,GH,1659308509
542,san clemente,33.427,-117.612,97.56,73,57,5.99,US,1659308399
543,magadi,12.9667,77.2333,75.45,84,93,4.7,IN,1659308514
544,etchoropo,26.7667,-109.6667,91.42,50,52,9.46,MX,1659308516
545,linxia,35.6003,103.2064,64.96,84,100,3.67,CN,1659308519
546,arlit,18.7369,7.3853,96.62,23,27,13.24,NE,1659308521
547,osoyoos,49.0331,-119.4524,106.59,5,2,5.17,CA,1659308466
548,watsa,3.0372,29.5355,63.54,100,100,1.19,CD,1659308525
549,mashhad,36.297,59.6062,73.54,56,0,4.61,IR,1659308528
550,bursa,40.1667,29.0833,64.44,75,0,2.39,TR,1659308530
551,kirando,-7.4167,30.6,72.97,52,0,4.03,TZ,1659308533
552,leh,34.1667,77.5833,60.01,55,40,5.55,IN,1659308535
553,high level,58.5169,-117.136,66.9,49,85,4.88,CA,1659308537
554,dunedin,-45.8742,170.5036,45.97,66,2,4.18,NZ,1659308401
555,cobija,-11.0267,-68.7692,81.36,44,6,2.44,BO,1659308542
556,joao pinheiro,-17.7425,-46.1725,73.56,29,0,2.48,BR,1659308455
557,simao,22.7886,100.9748,64.58,99,99,1.9,CN,1659308548
558,mandasa,18.8667,84.4667,80.92,86,100,6.02,IN,1659308551
559,yate,51.5407,-2.4184,64.45,75,77,6.46,GB,1659308553
560,nome,64.5011,-165.4064,58.15,79,89,9.86,US,1659308555
561,minab,27.1467,57.0801,88.5,74,100,3.58,IR,1659308558
562,gympie,-26.1898,152.665,61.27,77,100,0.94,AU,1659308560
563,lukulu,-14.3707,23.242,59.22,25,0,5.55,ZM,1659308563
564,cruz alta,-28.6386,-53.6064,53.58,79,21,1.79,BR,1659308565
565,sept-iles,50.2001,-66.3821,71.06,74,77,5.01,CA,1659308473
566,nouakchott,18.0858,-15.9785,82.33,82,33,11.99,MR,1659308569
567,deputatskiy,69.3,139.9,68.74,66,75,2.84,RU,1659308574
568,ayni,39.3941,68.5377,63.68,72,5,2.84,TJ,1659308576
569,saint anthony,45.0205,-93.218,84.13,62,75,17.27,US,1659308579
570,madimba,-10.4,40.3333,69.28,88,19,5.73,TZ,1659308581
571,bilibino,68.0546,166.4372,61.95,47,79,5.26,RU,1659308583
572,dumabato,16.3167,121.7,74.7,94,100,2.13,PH,1659308586
573,alto araguaia,-17.3147,-53.2153,70.79,32,0,1.92,BR,1659308298
574,chegdomyn,51.1167,133.0167,70.9,93,99,1.7,RU,1659308590
575,san jose,37.3394,-121.895,88.45,57,63,6.08,US,1659308402
576,antalaha,-14.9003,50.2788,66.54,92,34,5.73,MG,1659308595
577,emmaus,40.5395,-75.4968,82.74,68,40,4.61,US,1659308599
578,ak-dovurak,51.1833,90.6,60.62,73,100,0.74,RU,1659308602
579,kiyasovo,56.3491,53.1244,60.62,79,45,4.05,RU,1659308604
580,banda aceh,5.5577,95.3222,79.65,77,100,9.04,ID,1659308606
581,chimbote,-9.0853,-78.5783,63.43,82,43,10.0,PE,1659308609
582,hastings,50.8552,0.5729,67.32,98,36,4.29,GB,1659308515
583,florianopolis,-27.6146,-48.5012,60.03,80,0,11.5,BR,1659308339
584,jambalo,2.7923,-76.3226,57.24,94,91,1.72,CO,1659308615
585,alyangula,-13.8483,136.4192,72.82,79,88,8.97,AU,1659308618
586,letlhakane,-21.4167,25.5833,61.21,23,3,10.11,BW,1659308620
